Model,Accuracy
KNN,0.8198198198198198
SVM,0.8528528528528528
XGBoost,0.8438438438438438
Ensemble (Voting),0.8878878878878879
